Obs,y,x,z,z2
1,5.470175104,7.447428211,19.69530299,36.11844388
2,7.548932144,7.950984557,16.95140179,54.12310398
3,5.299107782,6.375498706,-1.238192312,86.18033517
4,5.720036793,9.91186717,16.0882108,-108.2997595
5,6.074483551,11.3181686,11.08470777,-177.3495859
6,6.452530662,15.15214822,30.10105893,-9.044922431
7,7.045132225,15.36926924,2.225428278,-59.64279245
8,7.825144177,15.01079993,27.08519522,43.46387179
9,5.490787292,12.41958192,-5.139321199,74.28515002
10,5.7699972,5.659239199,-19.1974446,-152.4288042
11,5.76906138,8.69153542,-0.628566289,86.11668172
12,6.583969389,11.96855383,-5.937837595,-60.87382827
13,6.154877858,17.55272433,2.008767241,-28.21628533
14,7.22160446,10.75551714,4.5296888,-194.9245468
15,4.206462159,13.04853447,1.975734383,48.92321567
16,5.827684901,6.418473057,4.863096955,-9.820106777
17,5.482796891,12.59657885,3.869176576,246.8287681
18,9.841784063,13.67674151,4.828250033,-93.69299252
19,5.336533653,10.02592089,5.314914636,-36.29073702
20,2.577140936,7.614894418,21.53111919,-36.90197073
21,5.535869001,10.69017353,-4.518656023,127.9073506
22,6.166668875,9.946954623,-12.05014163,-6.515033534
23,5.35735831,12.56449906,-7.677847051,112.5056793
24,7.158212514,7.779083697,8.726871849,54.08360309
25,6.388001178,10.8883779,8.807126269,72.73982676
26,6.870140913,11.57488128,10.27964797,84.76846525
27,7.897481762,10.57227383,19.65627692,61.74259884
28,4.397405552,12.37120705,-12.83609129,21.48629919
29,6.384597248,16.35502731,-4.165717856,-240.3761006
30,2.271198564,12.10132089,5.397157988,-58.60005142
31,6.905218273,8.049886251,32.4479035,70.40044385
32,5.007714037,9.273216092,-33.72105442,-65.77188063
33,6.989609103,10.75134743,3.490424756,19.91927309
34,4.97049876,11.4267259,10.56024667,102.226749
35,7.49136305,16.20416702,5.154371066,29.4642316
36,7.315099438,8.9119219,9.980129524,-70.57236879
37,8.879313989,15.68392395,7.232078927,-404.5053227
38,5.905801057,11.62417465,9.073171938,-184.0612899
39,4.829888,18.7350003,2.455620761,130.5987189
40,6.202182607,7.65690582,-11.5635246,-106.6806539
41,6.767558914,9.124403061,10.72215017,37.87789468
42,4.987244814,12.35540328,1.152545483,-67.49940003
43,5.944041006,14.3034901,8.924953932,-78.56158302
44,6.657315997,6.853195357,7.049780762,113.5723534
45,7.592188753,11.59247362,12.58148094,92.37252898
46,5.513510032,8.118719809,9.250125001,23.49593379
47,6.203003496,12.64091217,16.94434669,-66.11850089
48,6.239374003,14.80573718,14.9833739,183.6683519
49,5.804494332,8.303993233,-13.27356894,-60.20045215
50,5.901188173,12.50876847,7.134689186,172.5692834
51,5.810221933,9.445244866,-17.16670569,37.24765655
52,4.393194389,8.864997907,1.287711628,-37.23816142
53,6.661898933,12.13937038,22.59957981,-3.484281393
54,5.988921987,11.25095669,-3.801883987,-99.25741704
55,5.63312514,2.506089762,-14.86028708,89.12652321
56,7.20782386,12.0082589,25.96421793,209.6930478
57,7.72232455,11.06827103,10.62786314,-0.38033961
58,4.148106864,10.7254811,23.7497743,-147.90402
59,6.927745871,9.754230468,6.649593659,50.9891303
60,7.355032437,13.82668146,21.82973047,-65.44876207
61,9.387695977,13.502352,12.90132383,62.21564836
62,5.124368562,13.02762275,3.919950841,14.07939251
63,6.511041334,8.785727954,3.518322448,-154.4621601
64,6.102652225,10.52400169,-3.712987587,130.0781794
65,8.987729679,6.991618447,29.28449155,9.72054088
66,4.600308774,17.99917568,5.673233229,79.13461237
67,6.944448104,13.08587905,18.51350835,83.33326196
68,7.306968032,9.14362381,-5.755690016,-117.3405947
69,7.299219416,12.26759684,11.11203066,-53.11455267
70,5.898595578,10.5207366,16.13667478,117.3137024
71,5.069963359,9.163693613,-9.492457268,153.2973553
72,4.773472443,6.622714804,22.43118768,-78.53298268
73,3.719739408,8.186279275,6.547595159,-97.91433296
74,6.875164114,9.883142752,13.67387404,-15.35713673
75,5.735282323,12.15322134,-0.106850651,-35.31537478
76,4.800415642,6.152565769,-5.714709367,8.282443498
77,5.510807163,12.69233409,1.30380944,50.69710654
78,7.685819605,6.165393356,25.92656927,-70.64003174
79,6.430496496,7.864636886,24.30151993,-192.5645463
80,5.278120421,12.54313516,4.736440109,109.1672201
81,7.84799628,11.29823987,19.18326537,-68.64096002
82,4.752756927,14.14722198,14.46108375,-5.333032464
83,5.666932648,9.742019221,-6.912592735,-229.3005619
84,6.177313349,14.65133902,28.17039567,-98.03085982
85,6.490813723,5.118992374,12.43207641,29.66741793
86,6.083337461,9.973301185,-24.95827727,66.92304282
87,7.716045433,11.33585645,6.085357682,26.37376175
88,5.160310403,14.51737301,26.41590915,101.1690775
89,5.201350196,9.330281721,-3.142344649,151.29549
90,8.000125248,10.19786053,-2.052852372,-127.1688906
91,7.84217179,8.158060065,32.50017586,99.76835795
92,6.834646078,10.32201951,14.76828323,96.67059518
93,4.120913283,3.648185924,1.292822054,-29.3560293
94,1.985060935,10.58517306,0.967124266,122.2413111
95,4.973317944,7.874282959,15.28711815,-76.83169093
96,5.285908581,12.5924878,-0.956640318,-37.74437291
97,6.305932217,5.703325144,18.67193915,-119.2805896
98,6.66154853,10.20838642,7.583648421,-37.20879228
99,6.182341608,6.677569523,5.390903653,0.511377239
100,7.329198139,17.86201514,12.51883409,-57.46794036
101,6.063167295,9.009049576,0.284745372,-5.784930088
102,6.485910083,12.8070781,2.693105796,164.7238587
103,5.846276342,12.99960648,-13.33252498,152.1202433
104,4.478401109,9.139786253,4.737126092,21.19155209
105,7.22085991,12.02261172,13.42828142,47.07850228
106,5.167585445,12.36937538,-0.444471816,135.5008918
107,7.069577343,12.01464397,15.73902967,-32.49883361
108,5.961165162,9.818862122,37.68438133,-28.54254047
109,4.237618306,13.5458666,1.393861965,2.180503345
110,8.018128343,5.712275802,2.917842907,-303.9938625
111,4.085641395,10.40486945,28.22909683,-134.6677426
112,7.567033101,6.514794514,-7.16671109,-133.2819048
113,7.190398483,7.880346354,22.47320222,-18.05117809
114,4.670722685,8.252802693,3.218404403,68.77507832
115,6.670371916,6.028279411,1.634010569,-221.2672782
116,4.257646747,8.760747956,16.826062,-51.75724534
117,7.582167667,6.517331006,12.23583014,98.2948799
118,7.182406341,14.60429289,-5.187532483,197.2088896
119,8.047185154,7.907159228,0.49613769,190.44783
120,5.006291055,10.35905199,-7.728269232,-309.6728455
121,6.381912586,9.486599863,23.35024553,-127.9302151
122,6.258340178,8.897360976,-4.792722432,-201.4597709
123,5.168000251,10.78184203,30.13533589,87.06108438
124,5.963116983,11.36190513,-1.537584524,-110.6192296
125,7.125355977,15.90517376,17.98293634,72.85553875
126,5.457810987,3.631588321,22.65476342,114.4200901
127,5.861546885,13.00502982,-4.413364232,182.8991827
128,5.241956497,9.15881701,-8.787135564,-164.6639042
129,7.342523741,2.386582103,-1.516270685,-204.5443743
130,5.646218149,14.66184038,-1.670564583,70.65390856
131,6.397720982,8.786510028,-3.543882116,83.72272718
132,5.59011378,10.0842721,3.849238458,26.0930333
133,5.482492707,12.04669784,14.33951552,-145.2707095
134,6.206435475,8.830440993,17.56536033,11.70477761
135,6.457826175,9.946353401,37.76233319,-169.8885595
136,6.271458791,13.94553988,6.254645392,-98.32929765
137,6.115162967,7.620418432,11.83052462,-57.05968911
138,7.774381417,6.617531547,-11.11681806,-41.29311896
139,6.034310311,13.28560152,-14.99926577,88.04115254
140,6.765844071,13.95400618,0.577084667,83.12984804
141,6.724497757,8.715827428,0.344652748,-36.68676482
142,4.680084045,12.61238523,14.19969467,381.551163
143,7.110341941,12.49399283,15.06848671,-123.8876394
144,7.411886479,12.59137525,17.0305308,188.9976173
145,3.921677963,4.244019237,-7.013262203,-84.30639144
146,6.208086745,3.079243596,4.970420073,212.218139
147,6.664268638,13.86317435,10.30318541,2.208614972
148,7.13695436,10.26630206,-9.021612685,93.78058358
149,6.121396775,7.387361866,-5.768201536,-105.3751427
150,5.833834577,10.08318501,-9.15377479,246.3057253
151,5.416186519,6.178182589,26.74899324,-93.4910918
152,7.256259689,8.070275059,22.27711565,-35.28695358
153,5.65620111,10.55416731,-6.725035508,-5.093008012
154,6.448332073,15.12025732,-7.741475504,109.0801652
155,6.887335315,9.605836626,-2.715958185,28.56228895
156,7.085733941,9.477784591,-7.186884963,-80.84778954
157,6.518492258,11.17584514,5.226745983,-32.38878665
158,8.153301112,11.01860356,27.09971804,-335.653253
159,6.021237624,2.794929193,0.977090287,-2.470206961
160,6.480381276,12.09459666,11.75686483,80.64485307
161,5.633459823,13.39217294,5.773931077,-155.5680597
162,8.100871163,9.40498106,34.5172697,194.2258449
163,6.20794847,9.827543085,16.2423768,-92.45867271
164,6.356371176,13.00091321,0.742796347,44.4082174
165,6.176450305,6.893947805,16.59739506,-125.8247502
166,4.745824744,9.680485129,-3.237645405,-198.3006789
167,5.493238274,11.43501559,3.591972343,-24.26535982
168,6.195833528,8.930555665,4.963908519,-231.6423218
169,7.378264609,10.69736012,12.66009982,-126.2626086
170,6.98618203,10.7224907,9.306936421,-114.7186119
171,3.878562081,9.754386922,11.86570788,99.92249131
172,6.000210576,9.154569621,3.837421123,-27.15137535
173,7.27619259,16.29866326,-10.96660674,-20.36200043
174,6.974409248,10.13150272,22.21316604,156.2194187
175,5.605999039,8.486531036,7.559305811,-11.94670988
176,6.717793809,10.91250347,16.41625441,-146.8391664
177,5.977918914,13.8235682,0.46524579,-194.2260015
178,6.615018748,7.739326513,16.53324662,-124.6404034
179,6.186212882,11.12256713,-1.378789218,81.52942778
180,6.494247422,8.481722668,5.164300696,-122.7682391
181,10.31127607,11.55691914,17.96409831,-56.7353202
182,6.09621531,7.946221825,3.94283481,-8.868400182
183,6.427530582,13.55956632,5.594801324,89.97144378
184,7.341506114,5.472528022,5.296023934,160.1720628
185,6.137573869,10.63078628,18.26230305,75.21786454
186,6.342476258,10.8285451,23.72234318,66.74864651
187,5.637601149,7.840162716,17.54535229,26.6770179
188,6.124538094,13.38666601,19.75688818,-293.233753
189,8.281680546,10.56977864,17.69747864,395.177473
190,5.122648825,9.237904644,0.274386252,-261.1966106
191,4.33885535,8.888428676,-5.901098023,15.58706034
192,3.629877792,9.750379415,9.637872721,83.39339217
193,7.114585098,8.686511858,6.015971101,57.05135346
194,4.551365422,11.00899185,16.6507568,-17.41700982
195,5.460256394,12.20125725,-11.55051885,68.64219602
196,7.048683802,9.602441369,-1.139652487,317.6483826
197,6.207012319,12.73070342,4.425508329,-64.64707145
198,5.95243571,4.475880021,16.21791231,-82.87911359
199,5.055258891,7.4328448,12.68510601,62.3188941
200,6.06043342,14.09065258,36.10728407,-125.100754
201,5.475323402,9.084645471,8.225283824,181.4267426
202,4.059072667,4.94171099,-11.15496286,74.70862522
203,4.534609471,16.79145731,20.32118774,9.254944854
204,4.964904942,11.95413194,19.90491307,-81.71654178
205,6.564253517,11.51221294,-16.33195866,-154.9933923
206,6.52403514,11.85615205,16.23416131,-115.3646745
207,7.239138015,4.7430512,6.464400845,191.5157911
208,4.866136221,12.73539786,0.637743428,-32.56205637
209,7.355885311,6.731500788,4.392082441,134.0822959
210,6.336514156,9.472125151,6.00367032,55.3869547
211,7.194571615,8.510436217,-16.05499961,-21.65364514
212,4.594240234,8.591223855,10.54068427,31.54586658
213,7.124580615,14.54910861,7.598103202,30.39406649
214,6.66091994,9.931804999,-15.15698789,-52.91936795
215,6.197371552,14.68298256,7.531537789,-106.2644677
216,6.270321176,6.816466903,7.311759617,44.64616171
217,6.609980936,8.958010468,17.51651425,-70.61411026
218,4.369153847,14.87873482,-6.159293033,101.5970552
219,5.58907076,10.10443434,17.49240956,-88.12661056
220,5.289374036,9.47117928,-11.19650718,-91.48040433
221,6.275084066,12.25072916,7.55458491,-103.7312968
222,6.628201533,12.61586932,4.792581658,-106.3555596
223,5.515007632,10.76447111,12.03844028,-48.10550283
224,6.080711663,9.916462578,8.497845675,-165.9412549
225,5.500393694,11.00122986,29.62406169,144.1403182
226,6.876253755,8.966453788,8.056825877,-17.58799611
227,7.541515498,12.73768234,-1.848295651,171.3826251
228,5.672990258,10.37779353,-8.848794769,-75.22863998
229,5.041847231,12.57535761,-8.863084448,135.7988763
230,6.965870596,7.72926425,5.299029252,206.4005092
231,4.984216252,11.84561349,-26.14427778,171.9996301
232,6.038028108,5.780599219,5.210237796,-166.4737876
233,6.762149167,9.784208662,5.963305052,-102.2442226
234,6.143256884,8.762664803,16.64458088,-7.016372018
235,5.094919016,11.66186061,-22.25839467,-61.47572614
236,4.821198227,7.877304658,23.80507326,284.1204597
237,5.178365167,9.421951759,11.06695437,52.84848582
238,4.44821205,8.152124417,5.576825431,-1.405586586
239,6.667151854,10.84268559,-6.41443589,-13.58061931
240,4.518064129,10.33323408,5.962240307,184.579809
241,6.226889726,9.568174981,26.58509615,-178.466916
242,7.971024686,10.59831329,8.750245517,-71.97842947
243,6.741123595,11.73569517,-13.6908757,-102.3838525
244,4.963677514,11.28039537,9.702495411,-21.1349089
245,4.828050813,14.73739909,1.401425559,-53.65176975
246,6.29128111,6.328075609,21.35357326,65.90406694
247,6.986123179,9.920821216,10.77914637,101.8835311
248,6.31493152,8.568226479,15.49870505,-31.84072348
249,6.926628586,10.59083446,6.292870128,35.05713226
250,5.301331463,9.044904385,0.156365072,-35.9748991
251,5.661948639,13.62749923,27.72853306,79.11017857
252,5.110710431,9.01064674,28.33574375,-192.4420301
253,6.416341731,11.05860404,-0.532739112,-121.9008166
254,6.659923475,8.997596566,30.95798409,-12.7031333
255,5.673905454,5.509657828,29.03340261,324.6635169
256,5.567708343,9.657462088,11.20637224,143.1276434
257,4.485971964,12.36964925,5.425700992,2.665599227
258,5.369028525,12.68466641,23.28288064,182.030407
259,7.175728194,5.641900475,17.87215802,-208.4526871
260,8.536332103,5.909465937,3.254082064,-1.891198911
261,7.320428953,8.126217879,11.37341883,-114.6125185
262,4.850561339,12.68118367,4.664736541,-26.50558069
263,5.268223046,7.13933952,17.62703881,77.33844944
264,6.612415587,8.978755996,0.88796198,44.79008903
265,3.14708032,8.83072795,-7.978131928,-26.51120721
266,7.569865633,12.60355053,0.67121933,-84.02025214
267,5.84297312,4.72858676,13.28829297,140.4740968
268,3.912175354,16.06977615,14.4252314,-3.465186784
269,5.602076949,7.350170949,-12.50491589,-93.76668835
270,7.57171225,11.24290315,-10.63349648,133.7763687
271,6.049427602,10.56910766,7.540957275,-123.0635344
272,4.865781908,14.99465009,-6.082403839,26.43612571
273,4.283085072,8.020893116,7.18794367,61.10775433
274,5.629863844,10.28245596,6.256319098,-130.2593543
275,6.092162114,7.896458655,-2.936274774,2.288115947
276,3.989760171,13.66480507,15.62249475,-45.69033203
277,6.161388185,7.550311736,11.39452556,15.65331481
278,5.656564364,15.8866082,-16.17874954,108.855707
279,4.77525879,12.05967937,-7.463852099,40.83730695
280,5.876320485,7.191082185,-3.789469198,24.23718917
281,6.190578152,11.2847818,5.474531369,-46.81662543
282,4.906090209,7.488778508,-1.355768796,-36.3398399
283,7.491689697,6.191494038,21.66974304,-79.78347184
284,5.54131629,6.169275523,11.76615003,52.5295581
285,6.672143582,11.72601578,-8.994959903,-276.991203
286,7.636236599,7.511006569,1.114072373,88.04566699
287,5.495477799,11.3580362,12.02003563,84.13696763
288,6.569288053,10.31093358,-0.254437051,-57.17003947
289,3.823869683,10.92829402,-19.39938231,-88.27957164
290,5.63963385,11.64792989,-1.53120555,-54.62972862
291,4.780844379,12.43642211,-4.546689265,233.6790563
292,7.033628072,9.799974021,6.43845093,65.95285901
293,5.956173237,10.65474848,12.4458255,10.9602978
294,6.193524968,8.205530657,18.16253836,-58.51894118
295,5.571437843,6.994527245,-1.118707014,82.01087305
296,7.413885079,10.93117292,18.7731815,-10.87936702
297,9.381548567,5.948283015,12.75058487,143.4140934
298,6.6848229,14.39756325,27.90226047,-182.1722927
299,6.281033531,6.776704616,27.40610014,191.4898222
300,5.598368169,12.68827585,12.73709538,1.741332584
301,6.157297268,6.123912933,20.04354076,26.88775486
302,6.163510019,8.540861242,-3.930138481,-225.4861406
303,6.200072776,12.03015593,18.97977768,98.07883765
304,6.692907134,8.214932443,14.96906037,60.18814395
305,6.167064864,13.36512715,1.61174082,30.15190654
306,5.834053598,11.25551352,-19.1296334,10.4972497
307,6.368395859,17.28105396,24.44748085,34.14614768
308,6.078193167,13.42374246,2.066975066,-5.965079566
309,8.061365924,13.34373903,34.78120686,-199.8680688
310,3.85199314,8.214975942,-6.60032285,-10.78161079
311,6.351147792,10.93920654,19.70220623,68.76543488
312,6.82313443,6.575550217,15.50580224,5.520819584
313,6.050834735,14.53739839,18.31794339,-56.13611392
314,5.223976676,10.12726857,7.751628083,215.39106
315,5.37538205,12.86461859,34.23802867,-125.3440429
316,5.761452537,7.62652796,-4.765350504,59.64784479
317,5.644687955,15.19430382,14.33594662,-184.0960344
318,3.554717345,9.396185461,5.431218333,137.2966097
319,7.340497336,6.70456086,7.706471771,-50.33147371
320,9.54896463,12.02828211,20.76480563,-61.89676922
321,6.196778015,10.28893237,6.844836518,-178.1864569
322,5.700201313,14.55469952,8.649642396,146.5040265
323,5.192873575,10.09353856,6.062424856,130.0109325
324,6.444245444,11.64326151,7.912053618,-23.32632004
325,5.363912773,15.0738631,15.4157875,18.16792932
326,3.866674627,10.60729988,22.64541696,-40.91765088
327,7.349058074,5.593752246,21.15253631,224.8323651
328,6.374017143,8.062670212,0.265753546,129.4177626
329,4.97391558,16.74958304,2.763489044,214.0171185
330,5.73622788,11.50338615,9.007288925,2.620107481
331,3.992385214,2.61375621,13.93883004,6.377917217
332,3.88461026,4.371474619,-6.636893873,36.83475886
333,7.329447751,7.182247568,19.15838398,41.8430068
334,3.623602605,9.594266013,6.048428259,-38.60209614
335,5.736304056,11.48268251,-1.930332691,141.9082792
336,4.21699994,14.75756955,13.44352876,218.4995525
337,7.145887641,6.44234016,40.23446009,-65.26431278
338,6.646806031,7.258171523,11.65511179,8.368649969
339,5.610861522,5.701471899,24.23337552,35.91267824
340,7.187733487,13.30280284,26.29280097,-127.309325
341,6.79111216,12.00644074,1.749569607,209.2822686
342,5.022718673,12.91265617,-11.33705553,132.7023684
343,6.926352975,11.91111499,12.07511879,21.54836488
344,7.375065642,6.932186538,-2.449003537,150.8390586
345,3.815496956,17.38163615,4.424184289,-56.7863448
346,6.518644254,6.087003903,-4.761135788,-25.88045609
347,6.831006642,9.13093336,-0.814248913,-142.5230989
348,2.918004484,16.96015782,10.14683448,-101.2975742
349,6.484286726,9.749000553,7.525183513,-98.30370358
350,6.181328795,4.900585188,-10.93773501,75.89674728
351,6.21588053,11.72445281,17.26852859,296.6454925
352,6.842890092,11.12879499,20.81172056,128.5810753
353,5.878262706,5.061957116,8.118722944,60.48655201
354,5.062074459,8.483480502,-11.87618907,-53.62879961
355,8.734242171,16.94864426,-9.106966758,-24.50417612
356,6.771843903,8.854777836,1.641140354,36.43047547
357,6.447471643,10.68587927,18.39320595,32.35408161
358,8.941478205,13.74456111,-7.077146467,-263.1199527
359,5.173253332,10.26283317,21.0321086,49.39235262
360,5.688627544,4.888787195,1.979526829,-98.86277397
361,5.540751803,13.85056798,12.0697758,-102.6248667
362,5.529635915,7.026470958,7.802028933,34.93151703
363,5.383982379,9.515792756,-2.152635652,186.1773388
364,4.669967286,6.315148983,4.266509515,110.7634912
365,4.211278234,6.674769144,30.00790224,143.6732597
366,6.40774992,11.75581493,-8.401069907,291.6947636
367,6.784318872,16.00799936,17.19083875,-134.8057852
368,7.030955673,12.92138949,12.74163217,33.89807315
369,5.922279557,11.7399747,2.195289966,108.4606531
370,5.36122347,9.34689124,14.82534934,-0.996691751
371,7.242020933,8.415585572,5.984769969,12.85722253
372,5.871430333,10.85456435,18.3049998,-67.92040476
373,5.975434609,13.3968109,8.744625044,262.1857003
374,6.216863769,5.61988611,-14.99962303,142.0734221
375,6.339741457,11.58841508,4.795458263,145.0340917
376,6.318219395,3.095723929,5.086503956,24.04110213
377,6.757469976,11.15471237,-7.797200286,150.2787921
378,5.608087924,14.48882223,0.004768387,144.73651
379,7.185836742,7.735663007,37.03671495,-23.65956285
380,9.468219486,13.84355516,36.57012684,-54.3864808
381,5.046229027,8.531926316,9.894149538,-115.6454697
382,6.277689042,10.80294444,26.17115802,88.36891014
383,6.086786714,12.97034906,17.78167244,35.82445727
384,6.559537396,10.02772793,-8.177271949,125.663194
385,4.807579685,6.771593759,20.97783512,-63.45099378
386,5.61578514,12.09270866,9.103704034,60.31164638
387,6.96146837,11.80715788,10.27695169,-323.4495257
388,6.737567209,11.65682758,1.926491642,-53.41532605
389,7.642201627,5.094834013,8.259972453,-32.59749971
390,4.552592616,5.105721281,6.026795865,-50.40178334
391,7.431091966,11.01942923,15.65091651,-45.97518043
392,5.938723497,10.30190274,-5.173136982,-108.9338163
393,6.511490897,13.13159708,7.866973584,-56.19245862
394,7.372664435,13.87518826,-7.477178116,-209.1106055
395,4.778955389,12.13032715,16.13900882,24.85660342
396,4.619150997,5.439379346,8.38264084,-135.0510494
397,5.855151027,6.25416723,0.463289306,17.8512027
398,7.896297293,11.31474925,8.935602566,-25.67124228
399,6.167568842,9.588012544,4.321198367,-52.15301232
400,5.646238694,13.08414456,11.80905331,38.99218298
401,7.426569944,6.905750367,12.52035907,-308.568445
402,3.662352207,5.949849697,16.88875802,-43.06899637
403,6.074482767,4.015975476,8.074404867,69.64644702
404,6.368640961,7.281732407,-3.798235744,97.9478505
405,4.857110013,10.52445744,-32.82199209,-6.584840771
406,4.954886747,7.157282523,10.10305695,237.6015262
407,7.471512245,15.64855721,15.76121808,207.6024521
408,5.924086712,9.555590004,26.28792131,22.78702662
409,7.550991725,11.33198176,2.313894767,123.2253059
410,2.988149625,6.723157275,-2.57396177,118.1812759
411,7.426889232,8.723957119,7.396806498,-61.95000662
412,5.894615725,11.57653642,40.86240287,-21.04161363
413,6.205701819,8.887002102,2.0059276,71.39028343
414,6.38433942,8.055985265,13.58535836,-50.04432503
415,5.168048625,14.8487426,4.071972753,115.361252
416,6.630392771,15.53705408,-3.048108234,-179.2981923
417,5.225020974,7.658993871,25.57878287,68.20982358
418,5.27712298,12.14579389,10.70600562,-143.3110647
419,8.988925426,6.121040434,25.61150055,-77.88042897
420,5.74201432,8.854801338,14.92199625,32.74844309
421,5.860638431,10.5062347,-4.046517211,-168.8449041
422,6.399800403,10.88956516,-18.15241892,-108.4123236
423,5.224733888,18.81192057,11.16444449,147.7331137
424,6.583478934,13.12962806,18.08719459,9.941459403
425,5.760846569,13.80903605,3.752591574,-36.3896383
426,6.744906719,10.34406217,0.365220145,8.747537041
427,5.929373498,10.14560818,13.50081218,3.737532237
428,6.878939799,14.66420937,3.646974996,-45.782911
429,5.92733722,11.09580066,-0.355983901,-86.0224259
430,5.657936361,9.952517854,14.6047322,64.98265066
431,8.430737221,8.67826917,23.40364304,-66.07312844
432,5.577457923,13.96576955,4.177113365,252.9895456
433,5.854851987,8.742154181,-8.687554644,154.1247155
434,8.916354354,8.280116047,12.54504145,44.09825582
435,5.585459056,6.08206542,-12.25684364,-29.15660991
436,7.091069362,4.19633968,5.961851717,-48.66446231
437,5.860735354,11.17819985,-8.734812381,164.6873967
438,5.110264179,7.427138632,33.15762703,72.61430581
439,5.58865362,14.50886133,24.42039236,-79.92974669
440,6.166155186,5.823000017,22.08192985,-88.0714589
441,5.648259234,12.33622351,12.89693073,124.0700349
442,7.051280071,12.46520567,24.79962473,-42.42724099
443,6.174532604,10.39189134,23.77688388,167.7756127
444,6.49991809,13.43211287,-0.426513736,46.61586752
445,6.106364538,7.259760863,1.187510567,-174.3938824
446,7.391556931,13.16260412,-6.706046413,-65.87976079
447,5.537602475,4.443039542,0.081175111,165.6973098
448,6.394716956,11.68088524,1.609579878,54.23411451
449,6.394892478,7.755357449,-25.45372303,-8.954021326
450,8.912762547,3.952141936,8.525205495,135.6141861
451,6.78380224,8.34646247,10.8784096,119.1809687
452,7.265581434,15.89685817,-0.804177993,178.3895299
453,8.545139956,12.02693312,26.72325888,-30.86301458
454,5.715435683,10.5593487,4.456772213,-72.35387675
455,7.168787333,3.351657913,0.778213872,59.95032658
456,6.152330707,8.285492765,12.55484272,86.63045709
457,8.656942576,3.050662536,13.62498653,75.21061105
458,8.197792271,19.21516391,0.774298223,21.80954044
459,6.586804438,10.96717182,-1.562884052,-190.5605185
460,5.839446945,9.932053428,18.47528813,-34.39755632
461,7.839609195,9.92823715,18.66080124,-46.55864694
462,5.812738499,9.963593651,30.01275355,-176.2312287
463,6.362289915,8.995844314,15.98404969,-128.4732873
464,6.139143855,7.887099895,16.94584043,-192.1345127
465,6.366554881,11.25543156,8.114468364,0.49252814
466,4.729842972,5.340409544,-16.15082358,-34.68409141
467,6.434402773,12.07630242,18.85221039,14.89967395
468,5.72100196,7.722160609,34.73041836,-18.68025759
469,5.077675717,13.35072187,27.20526767,-181.567378
470,5.240360358,12.27176425,-11.95741203,47.98208125
471,7.257536644,8.207911771,19.18305933,203.2944232
472,6.672745551,13.72094797,30.18056428,36.66789981
473,4.277583934,9.910351559,5.63601581,65.77194843
474,7.813028347,8.07805896,17.18322412,-34.57035747
475,7.255053169,10.68198041,-2.136128265,-63.579436
476,6.433890027,8.087246896,9.410373611,114.0747473
477,4.444834661,10.12303162,10.6933987,-59.01564542
478,3.948929167,9.391799021,14.72132879,-40.48884268
479,3.377501024,15.87956253,4.751880226,31.25580333
480,6.183619631,12.71702081,4.076935471,32.88843171
481,5.324445588,10.33010863,34.66170329,28.76084187
482,6.493228247,10.65525385,11.92915262,72.28722963
483,6.893958457,5.897381428,5.439139167,-56.92888066
484,6.361329879,11.92714483,-3.342159062,53.258768
485,4.884318682,7.947949086,23.65067091,55.99751613
486,6.017289626,4.918933825,-9.923911426,-132.2526773
487,5.919474963,3.725326606,9.484832835,56.83804657
488,4.607279517,7.150771465,-2.637362506,-30.65961663
489,7.184550118,11.96755667,3.221482812,200.4848047
490,5.711763237,10.0411544,3.539910723,59.80722115
491,5.376548784,9.459465163,-15.66745119,-244.9512798
492,8.806918939,15.25081132,-14.83121664,149.3627271
493,6.408549268,7.466942681,2.401145534,291.9165987
494,6.688091818,9.888732407,4.979060399,-7.891507962
495,5.677495385,8.922622936,-1.055461444,-103.6733781
496,6.149061309,13.07879674,-15.93300851,213.6166292
497,6.249069056,9.186787742,21.45004785,-80.40891823
498,5.127719902,6.956590551,44.44041801,-101.1702449
499,6.319094089,8.151236169,-4.010809369,251.5910126
500,6.94929956,12.02578063,7.45951068,-115.6007173
501,5.679926952,11.55669024,-10.65715873,115.0606256
502,6.075915166,10.96357447,2.199828219,-103.7725832
503,5.84465203,11.8304963,-6.586613919,-164.9465256
504,6.161928468,9.230126815,7.962462739,-21.80361502
505,6.808458251,11.20092585,23.69520511,100.0407732
506,7.420318135,5.921989288,-2.77121294,49.61276565
507,7.812949399,14.15463848,35.33537317,-41.50729408
508,7.258959456,7.579203911,13.45386507,-32.44873445
509,6.485051789,3.853591757,6.083606297,-152.2528873
510,4.864443519,5.983409538,14.58539813,-64.78753955
511,5.150665775,15.44983474,32.03063839,-38.49133075
512,6.198343113,9.583764545,7.00417711,-79.20821379
513,5.720388465,10.95099495,0.471543648,-45.34399081
514,6.678818124,15.03004003,-16.61833653,-8.591730596
515,6.517533825,12.19495465,7.333381396,25.76630228
516,6.731673842,11.60029019,11.8331628,-202.3018649
517,3.819268367,8.738693752,9.764396919,-161.7143387
518,6.692643502,15.07862911,6.255674621,-22.55568153
519,7.379444158,15.05095821,-14.17274186,-90.14279238
520,4.690835148,10.76745409,8.064703982,94.05881447
521,6.137936614,10.56728085,10.74045835,81.84382464
522,6.178015707,13.37659252,21.05038614,72.94165374
523,6.680784939,4.17573223,25.27910255,364.6753577
524,8.046765424,6.903135348,-13.74199939,-54.09023014
525,5.751067208,10.69411277,24.06259041,192.9692193
526,6.577451308,15.18728522,26.26039922,-2.983176928
527,4.502716561,7.45814421,20.42531063,-116.6550471
528,6.958671035,6.951410982,20.86407854,39.4048597
529,6.68979274,10.99171578,4.504122559,-41.73133064
530,3.764675445,11.07015787,-7.497155881,-152.7519402
531,6.631878407,3.516004328,3.352103325,-170.3951876
532,6.501182893,4.834976098,7.578932796,12.51181599
533,7.638147336,13.04151974,-4.854139143,31.37078362
534,5.744273178,13.2841253,15.14519025,-98.12476374
535,7.529050278,8.349707948,-7.383009099,31.6471096
536,3.253867962,7.220820114,19.25272545,146.0756141
537,5.769940083,11.82347912,15.03063152,164.2629665
538,4.681211438,10.59934912,1.938690745,-92.16870257
539,4.074283782,8.601980793,18.10002521,40.60299763
540,7.104144097,12.3292091,11.67178323,-64.65891266
541,4.609818979,8.059307347,16.50245208,188.1300158
542,6.665992315,7.234885442,15.41390453,-1.690927156
543,5.473750939,11.18754007,8.676965821,-130.3092136
544,6.984348744,12.83489224,18.66426973,-29.15955961
545,6.122668976,7.108241009,0.531149541,-67.56665338
546,6.709667372,8.400872948,-2.909673687,128.6763186
547,7.620459419,6.203667524,-6.75625007,-12.46767353
548,5.747814332,11.07321539,27.57699231,-174.3020945
549,4.070805539,16.33731304,-12.52064584,-83.05424829
550,2.833062769,14.67859138,-1.745250456,59.90109968
551,6.157119403,9.872847424,22.87813591,-30.16863324
552,5.240807913,12.3472648,4.809682968,10.21484017
553,6.823819479,14.350001,2.831042903,49.53708259
554,5.363744436,4.883661458,-15.28082669,-72.01510751
555,6.997271554,13.12354233,18.93777654,126.211
556,7.306155712,12.53695725,13.82397926,-56.94475709
557,6.697139868,13.8148041,13.07882165,23.36871703
558,8.389270678,9.214893541,0.400429795,84.72376561
559,5.279744052,9.509861028,0.552335102,-53.55815521
560,5.185398894,-1.320390302,12.47550415,-30.29242747
561,6.588171486,6.425249026,24.96429366,-62.98186259
562,5.405257696,11.65390284,14.01816175,461.4708446
563,11.80230141,13.53799382,12.03851006,96.79026866
564,7.639936108,14.63016516,13.95775266,145.7421081
565,5.838920185,13.83869042,5.644878623,171.6447259
566,6.502688286,10.8314057,20.49298196,116.2894183
567,7.001966758,10.07733368,11.95615212,133.3093776
568,4.992527375,4.841359591,9.511722642,-53.05869686
569,5.275784398,8.382450216,-0.690839875,39.07212877
570,4.573425738,7.856036799,7.496778356,128.2976631
571,6.700814453,11.25602841,10.38777205,156.6197932
572,6.903968375,10.91353342,-11.2443468,-216.4665821
573,7.016844432,9.842636281,24.04362631,-232.6896772
574,4.691447473,6.476889521,9.808916009,-40.74715611
575,5.093266447,10.57520398,-3.021217764,4.530751234
576,6.428343999,7.561756868,-22.41175411,57.89217175
577,6.763515948,10.63216484,-1.359859635,-307.3010871
578,5.605459778,14.50280034,14.08136299,-78.69150895
579,4.632641997,8.219534591,20.47604791,-38.17897502
580,8.084264611,12.53907194,-8.772689611,57.39657039
581,7.244489558,10.0700646,19.48790307,-171.7473583
582,7.014748763,9.939280472,6.195784756,-110.738356
583,5.518725777,7.739310858,5.22339274,116.1081798
584,7.349550527,7.509968438,0.473364482,156.8016324
585,5.746191993,12.75063054,0.121525443,2.311315571
586,4.826429896,7.359201283,10.87942592,68.65318422
587,5.849558447,11.67117748,14.57771402,219.9672286
588,4.779868114,7.205623792,20.0425579,-86.67939289
589,5.101886511,11.77936387,12.46688236,0.457926174
590,6.242271088,5.598493244,16.26596737,-2.907019944
591,5.944151044,10.68071844,10.1693968,-39.48689952
592,6.782728576,6.887759496,9.770845201,-102.9106575
593,6.353981888,8.0851021,12.41356998,25.05225292
594,6.848194538,10.53674951,19.18898755,-22.52858417
595,4.7489752,13.06682016,8.639281434,150.8546843
596,6.198941744,15.83400951,2.569829558,-14.27013914
597,6.271373091,8.727314811,17.83422121,44.90122795
598,7.672854221,11.47939806,-0.394651837,-126.1204491
599,5.41785689,2.40733092,-1.291682763,20.66882166
600,4.953589626,12.87967436,4.634215938,289.4314516
601,5.381825349,12.11763148,-6.230637663,-31.09637743
602,6.905232817,3.574110948,28.68440581,8.729797953
603,6.788445179,6.755592793,-3.489017601,193.4668187
604,7.45788767,14.46505918,32.18905476,-23.79732444
605,6.493744902,17.13905025,3.967123796,40.26110089
606,7.576670432,9.768932205,16.09792125,153.2152283
607,6.475669601,11.91294002,5.922798009,103.4227864
608,7.288826345,13.99584998,19.4369603,29.17386925
609,6.518893641,20.68352479,8.14122792,-199.3106791
610,5.891101626,6.778764294,12.56064957,-22.50882258
611,2.864202339,16.12416172,16.93296146,-32.73705952
612,7.493770084,6.870835708,12.06726687,104.7081084
613,8.080604461,11.21733063,-7.929297895,-56.99203982
614,5.922586455,9.644490793,13.48029898,99.74510837
615,6.817588599,8.677267537,1.460559375,-134.6417245
616,5.493815577,9.558439351,-9.465025157,-20.38322287
617,7.113376695,9.687982908,-7.97288647,63.07132376
618,5.056002607,7.581706983,3.2987314,246.9961789
619,6.601249274,13.49114368,22.67168133,11.82337423
620,7.595805144,11.47367261,21.42152649,7.587988655
621,5.932288537,9.124699315,6.544850663,100.7780159
622,6.492011223,12.05669552,0.335083729,204.4497789
623,5.153337129,9.429657929,-1.478955207,118.0584483
624,5.863934123,13.83223395,1.990169643,25.34066633
625,7.232008382,9.709365972,16.52792658,-27.5056872
626,6.357918872,8.001307572,5.859692605,-42.31768401
627,7.653656503,10.59758101,5.132538495,193.0502582
628,6.462417958,11.22634566,-8.287765573,19.90237843
629,4.975752586,9.257625558,8.673363023,217.4865351
630,5.813704851,10.70628452,-2.97342297,167.8109223
631,5.784614325,11.40467673,19.11402342,-82.54555177
632,7.28641783,16.73615415,13.99345141,-102.8155474
633,8.162079979,15.01523693,10.13048421,-40.86815429
634,6.472741697,10.3674761,9.904023674,-39.19798206
635,5.938940841,12.39136816,18.16430185,61.30787693
636,4.665395773,8.812097556,3.575761795,105.5733382
637,6.689310022,13.10120474,2.829246932,79.1660819
638,5.606085756,9.097363164,21.13546216,129.5733784
639,6.482084554,10.66712696,22.59477379,74.9415204
640,4.906852043,9.709564587,16.91562477,56.48780599
641,6.167415091,18.54073733,28.64313196,-117.0516623
642,8.538085838,11.04958096,-6.070172724,40.10348444
643,7.218927519,7.727831422,-6.22186097,90.81460439
644,7.10608214,7.798533807,6.041495049,-49.37072124
645,6.764598525,9.772655615,17.12934005,123.4367499
646,5.750362792,11.51680588,1.303486847,-4.407219773
647,5.301211539,9.318650052,3.118567281,2.657340611
648,7.828944823,13.57675154,13.23551916,7.36100564
649,5.796139238,6.358633829,8.75448263,-17.83132777
650,6.077979921,5.373269732,22.7223798,-80.78910892
651,6.23655016,10.50780249,1.477810662,14.75919609
652,5.135655656,16.27842682,4.31714016,-231.4325481
653,5.233079697,4.387381189,13.60330002,90.80882768
654,8.116840377,6.899512917,-3.124953493,194.8406684
655,4.702549478,12.65833987,-14.27569135,93.67874177
656,7.984844512,10.14578883,8.578186455,32.19737622
657,5.960756031,13.77882706,5.972693232,-66.56547759
658,5.170764399,12.03708497,11.61888273,-49.44351286
659,5.298458999,17.57051103,-13.16210596,78.05550269
660,5.646616868,10.01101127,-1.972222605,141.3487584
661,7.357029289,10.2536016,-6.36158005,53.51378824
662,5.738507739,12.60508702,-8.132168954,67.18531796
663,5.663696766,9.371647986,-16.39959653,-16.88715827
664,6.508161502,7.825472837,-6.060485635,-25.7203735
665,6.071846722,8.854838034,19.13747807,37.45619744
666,4.001204445,10.07238626,-8.755885723,-18.36923005
667,5.976088306,5.655031917,9.471076605,9.981332566
668,5.472827682,12.07207385,-1.964753861,9.748478798
669,6.500749005,9.343118498,9.402619727,-35.01296686
670,5.987312089,13.99244493,-5.326500805,-45.29661095
671,7.843346246,11.05320823,1.401203921,154.3573294
672,6.792770246,9.152913648,27.96268966,99.43694063
673,8.825769883,14.72362355,12.92991225,-77.4056741
674,6.261630475,13.89981111,16.04400506,-116.1819872
675,8.265365389,5.274982581,22.05061617,-2.414991418
676,6.76441411,2.416234787,5.727753448,25.44148152
677,5.788144193,3.928129649,22.72168953,-14.52741794
678,7.139495557,10.37209645,22.59138062,162.4415744
679,6.301184408,11.49187732,-17.57523209,-15.12053942
680,6.743640084,17.36338625,1.470556726,-67.10832397
681,4.970274909,11.77549265,-10.61537278,-109.1725798
682,7.250258146,10.65731626,13.70123967,219.0125866
683,5.708788749,9.044729273,15.6289276,-22.39961813
684,7.846438046,9.989538625,-6.640407756,-108.3642477
685,8.473218632,13.46626663,10.26449385,133.5692855
686,5.932895411,9.96757443,3.033748663,233.477325
687,6.631587628,9.521160594,-11.58739419,-61.78159664
688,6.946696013,9.618268738,-1.290663284,158.8718044
689,5.603957899,9.344608198,-6.867516485,-18.84920708
690,6.340402559,8.542690219,1.565654953,64.23360572
691,6.275304507,5.99788314,6.456046314,42.47610267
692,5.594596379,8.057626141,14.64149116,84.88958383
693,6.028885804,12.67092896,25.45707868,105.550012
694,9.555085607,9.119573563,6.046254815,-174.1106161
695,5.602519238,5.727215695,21.58328475,135.7242627
696,7.496463834,8.72929046,15.84712464,-35.23270818
697,7.285804022,11.82084203,-4.427701323,59.95566692
698,5.353758739,7.424810128,-13.75410907,-114.8760652
699,5.795267068,9.741833471,24.98346764,-94.05796898
700,6.16906006,6.308392835,4.829860796,-122.788263
701,6.692894946,7.151175509,5.754151412,27.07769933
702,6.462431912,10.06889732,4.128922433,-33.47180515
703,5.310863009,10.76680413,6.92434001,72.12900732
704,6.63683664,8.501930462,13.68393529,-56.03010421
705,5.640577074,8.721474421,5.398820354,71.79755649
706,5.164047383,5.455348748,27.02965413,27.01740775
707,6.926124906,5.365479611,-1.88992989,31.5022223
708,6.729938819,12.05703092,16.4410433,59.34436378
709,6.255046568,12.5491234,23.77677518,196.8450084
710,5.149767843,13.15372311,-0.967724774,88.36909363
711,5.462825123,11.34115376,0.87318629,-89.95840703
712,7.391804444,13.01632961,-3.844212933,152.1592277
713,5.291955874,7.980060986,-2.947172189,-110.3722451
714,6.456894779,12.7784682,18.07381606,-260.1766877
715,5.618111574,4.871278489,-5.4799423,45.86190941
716,6.72144544,9.818333579,-19.60235042,-138.2101282
717,7.476166452,5.614533033,-0.090740559,-71.88451499
718,6.107459322,11.41769629,-13.106282,11.72577327
719,5.174948788,11.57955895,5.583347647,189.0114372
720,5.14518355,11.19914617,11.65435822,158.5875014
721,5.712733918,8.621139137,26.49635093,54.40198979
722,7.525746856,8.19236067,8.255539189,78.60869503
723,4.948452641,9.124095901,-10.82077203,185.0104458
724,7.077996454,10.65508673,-8.624014996,-8.722844063
725,5.559554003,11.4263171,10.63658237,-87.24172888
726,5.779309296,4.405603187,10.3738235,-445.829693
727,5.835244198,9.892789386,3.416412212,118.974999
728,6.666061152,8.946775907,12.86848548,214.2568158
729,3.072268861,8.556522849,3.877502787,-9.343714948
730,5.721909551,10.55097222,38.05046891,26.24370772
731,5.221076621,12.27700661,-9.421302938,-55.04195059
732,5.994944729,7.805054666,14.95930877,-100.1344762
733,7.145494097,10.98693827,-10.87038455,-31.05121302
734,6.495836697,8.014339381,5.628025198,342.4466591
735,6.352617651,12.85147827,-10.02279347,35.04986395
736,4.491367398,6.027508423,-8.523537378,47.86519498
737,7.398271042,12.55558491,11.31026013,262.8971444
738,3.271959173,10.30039907,-2.653705018,-147.2031641
739,4.39593595,10.26446983,15.06261006,-74.97690855
740,9.667680034,6.439514536,20.70067811,7.815589672
741,6.123625991,8.526232762,-21.30436603,252.8437793
742,5.153453004,10.01694949,13.40334751,-74.71024369
743,5.417307916,9.176344556,13.95740147,-96.39632646
744,5.980002218,12.5820747,5.120423882,99.06018005
745,8.035298906,7.320739847,-2.814260859,-17.75287198
746,7.625705834,11.63808429,11.8464404,152.3336875
747,3.620358499,8.366754782,3.792439266,-2.267605779
748,6.230435145,13.94683559,-7.658773956,-101.4369298
749,5.748294866,7.669207618,17.47228145,80.5605168
750,6.051552432,10.0118103,9.017500194,-77.8771482
751,5.164011899,13.31501696,23.13769526,196.4799205
752,6.033334155,8.847696871,0.319551328,-36.15909199
753,4.814578612,4.2121388,17.97114816,123.8276529
754,5.397021306,12.51079909,16.99995134,-113.02091
755,6.151337168,4.851954501,-5.9382682,17.07951384
756,5.662872329,14.15306351,19.45942783,159.6046651
757,6.652798018,16.94742251,0.119832596,227.9126715
758,7.601619876,3.949296143,16.65139722,190.5102018
759,6.577280649,18.20907819,13.24899756,170.076938
760,7.653221953,9.067205176,26.94811793,9.326079955
761,5.556215277,5.608542779,6.041832223,75.94597572
762,6.467550065,8.897738763,-2.325361498,237.1114543
763,5.658238048,15.48506527,-2.98492178,-82.46217333
764,5.745775256,10.64505466,9.370445195,0.216797055
765,4.797910865,9.001355764,1.891845358,-67.25402254
766,7.460714251,4.838475591,14.18875779,-97.18761699
767,4.836424846,9.264581637,1.132826736,158.2817707
768,6.265156929,7.046142691,12.85967441,54.2946748
769,3.365557997,8.138367783,-4.564852953,301.2376815
770,6.584282964,12.08676177,4.629467093,-30.65126527
771,6.22766804,5.248561599,-2.123439968,3.877635315
772,7.066281859,12.04334689,-0.553918663,161.5547321
773,7.137516145,8.65208393,-14.36591804,155.495896
774,5.828553775,6.244885836,14.36269671,104.5587264
775,7.995561904,11.52954611,8.898525584,-115.351865
776,2.481732419,5.914377565,-14.51124504,-86.67248181
777,8.012115549,16.00071202,14.47805819,-27.50479074
778,4.768438019,10.89730103,26.8325968,34.10139644
779,5.170492797,11.34800167,12.04522222,186.2672567
780,7.920802651,7.424897244,16.20797927,72.86652184
781,6.228306727,9.991457698,20.54023358,-32.69761423
782,5.642660059,11.90592065,-3.559650786,-13.7267131
783,6.550484817,12.48992359,27.83096627,208.8885826
784,3.877565026,8.044592284,-14.41652867,60.5087975
785,3.570994709,-1.184940424,8.745656019,-3.204029484
786,5.937207546,13.98711104,41.12850519,-373.3313425
787,7.57303532,9.003476361,-6.208714469,-126.8176125
788,5.907977298,5.790562265,2.196024135,85.92727969
789,6.510840007,13.22485678,6.476741188,-199.6577099
790,5.941038635,9.439332191,19.51199743,-60.84061449
791,6.263817577,11.53711004,-14.51222283,114.0739366
792,6.850030386,12.6377639,16.75067979,-310.6445149
793,7.77561191,14.21219518,29.56592805,-9.539165897
794,4.929662601,11.20784996,33.71943075,-190.1570134
795,6.661363099,12.57107134,0.130609224,-65.6557464
796,6.584952301,12.27910383,3.760276848,257.8840213
797,5.376690091,13.20008134,6.512711346,-2.586988135
798,3.915134665,4.302526482,-9.292418738,-100.1958083
799,6.877713529,7.423065957,13.59474461,121.9843816
800,8.032152118,8.017990672,7.557947308,56.89816191
801,6.906874323,9.744008217,22.7580637,-26.22799856
802,7.0114396,11.37002997,30.39062554,86.8854701
803,6.730793461,11.01119774,28.54840517,20.13383765
804,5.380812528,12.27097549,10.20636164,-42.55499265
805,5.057843292,4.782820649,27.60318877,36.98642216
806,5.504247927,8.434161798,7.776007044,-17.52349429
807,4.412769654,12.26352155,26.0682814,-81.94487534
808,5.133165309,12.67273384,16.30650885,153.2357273
809,5.554351253,7.283786539,12.36318147,52.13766921
810,8.261102319,4.552858936,26.8665108,-45.96673426
811,5.111880611,7.627590645,2.17728388,-25.46552974
812,6.054684107,12.24253527,16.44977927,66.19699897
813,7.763247927,14.36617883,8.929576034,-76.99437035
814,5.003695305,8.602944932,-10.14034941,-194.9090593
815,6.371526176,11.47909601,34.32392762,-24.42772349
816,5.343864005,12.45488183,-4.714879471,163.0742072
817,5.059625744,4.550604271,13.88547671,-203.4627156
818,8.477457592,10.25520449,1.268360359,-247.7391825
819,6.014017126,9.43070764,-8.069203467,-115.0375197
820,5.581769394,7.537270044,29.35450372,-49.32397464
821,3.530730193,12.63344388,21.25340082,-73.34571963
822,6.75413517,8.91288545,-2.62317299,67.4034033
823,5.983055829,8.586572971,19.9328761,98.73996826
824,7.159777166,8.910301283,0.471388027,26.14001229
825,6.873467336,13.92310269,-21.58321871,89.5565148
826,4.570658005,8.114064261,4.992681236,-53.70185467
827,8.491582348,12.53703981,35.52597367,76.33273779
828,5.640514462,3.637924076,-14.72019182,17.36639284
829,4.329261772,9.105808409,-0.676073569,130.7593368
830,5.568919026,6.490768931,28.50982304,-104.6664197
831,6.96993689,11.56488401,-15.43856824,227.9132489
832,6.132619415,11.30498818,12.39352138,-109.9903809
833,7.528157247,10.15848573,-15.67969119,-59.02760412
834,7.947080541,13.10275947,6.138681291,-71.87228412
835,6.672186948,9.034645755,9.562714624,116.1981206
836,7.572469427,9.326833083,26.14492061,-84.24281565
837,6.115452084,17.09526725,10.15870594,30.49551056
838,6.0894344,14.29728867,14.97230849,4.153774827
839,5.992820491,7.269585465,6.013264453,22.31739217
840,6.140065755,12.39192075,9.323050926,129.4168999
841,6.114571348,12.40991821,17.95054859,78.81240353
842,5.557433582,12.71902912,27.03461298,46.94195269
843,6.27167432,11.34097238,-4.544550919,-63.5390816
844,6.083253115,7.366691274,14.30719197,-143.8108559
845,4.880944519,13.26353783,3.037898831,176.9139577
846,5.285649276,8.635460254,10.31924851,-247.0566389
847,5.030838992,13.37183252,9.68070336,-88.99843495
848,6.459766708,12.05174776,11.20144126,134.5560511
849,6.053261239,9.079818537,18.82372779,136.157434
850,5.196910994,7.448134417,20.09584359,23.92017743
851,6.565840065,7.188333626,5.246826501,-5.747218646
852,9.08213902,11.31216611,10.6939047,171.0330651
853,4.902857861,9.898429566,1.155203546,151.5214572
854,6.829793459,9.536723332,16.57690951,-22.08412923
855,5.779485909,12.63300132,12.23424724,10.78756898
856,6.188724734,15.69389356,12.19914404,-14.6249133
857,6.105685314,12.90308899,-7.477445324,114.6093984
858,6.310274593,4.423898112,12.57785307,-77.64142059
859,5.63400993,8.0306169,5.36527805,-84.87180233
860,8.14500708,13.61890116,22.39367119,183.4600515
861,6.184499029,12.07147728,13.18711156,-8.519838354
862,4.643154279,10.51270932,4.059790818,-191.2929449
863,5.331406882,11.46051664,-0.431551365,-168.4723489
864,6.264559112,12.38537965,8.352594611,73.70040053
865,7.411080285,11.73781734,6.190579152,230.7122828
866,5.991588962,13.43877001,-1.245821018,-85.83593458
867,3.740911059,12.72692527,5.333925559,28.55731587
868,7.186058877,12.61734739,20.93314533,-0.966342303
869,7.412225626,12.38274221,-6.60960987,31.9175914
870,7.931528456,14.94013501,22.03698092,-1.406945502
871,5.691631744,6.507849893,37.76759809,-80.87981144
872,6.284529897,11.97314904,23.05249798,-103.859718
873,6.098538536,9.121010371,7.561506084,-70.80907041
874,7.74706456,13.0142934,22.73175559,94.99188108
875,7.513359405,11.12499553,22.69122369,24.26060218
876,6.572552579,9.789477555,17.36765463,112.8858898
877,5.108544308,7.275473443,1.25233543,72.22843362
878,8.461958676,10.37287448,16.71726581,-78.94176007
879,6.59733116,10.37993409,6.22529062,53.1805559
880,7.726609113,8.36717863,0.997424847,-40.67287448
881,4.449183967,8.187471843,22.71346448,47.10850736
882,5.869319189,12.01088691,-5.686372221,-104.2249905
883,7.655595303,9.376155154,13.77531291,-60.41236343
884,6.898203491,6.21311961,9.599381745,-79.4930974
885,6.327483691,8.061594191,-5.852457537,38.07233514
886,5.408629662,13.36692417,13.31855452,-4.942990943
887,5.416160297,9.87282397,4.967556154,157.1808065
888,7.097157535,10.83210523,4.859746335,-130.3778029
889,5.959341377,10.21377832,6.912162705,71.64823752
890,4.993826561,10.78091547,11.68689979,74.54369984
891,6.063687471,9.960400642,1.720223308,-8.002538628
892,6.865049438,10.52284381,-3.049896343,196.1068425
893,6.378600531,5.817601238,-15.58094673,119.6867081
894,8.134367785,3.173643848,20.20900493,-42.40528376
895,5.095798064,6.075036224,3.55433312,-64.65061569
896,5.444902319,9.259795231,0.043683375,166.8957456
897,7.585170728,8.164162458,2.358473036,-79.11600705
898,4.055758405,9.579879842,21.04349382,-43.70372299
899,6.996876953,7.692715005,-1.942985012,-178.7452516
900,6.878291801,8.89208025,27.25937605,67.42083287
901,4.980039706,10.64443633,-14.45479125,-111.5186617
902,5.412999529,11.4226265,15.22391482,-26.08616689
903,7.592020534,13.01795174,32.56226073,-125.152322
904,7.167257203,8.484611029,34.01394327,106.6960671
905,4.786994694,8.105591187,6.978858416,73.51296031
906,6.450125471,14.90035975,-7.224673789,-52.17773152
907,6.863366401,6.234972045,15.23297368,93.7194168
908,7.368854191,8.151323468,-25.76033907,-11.55672931
909,7.180728422,11.83825989,23.80684653,-11.03663356
910,3.93337808,6.200216666,-12.84827385,-77.1557415
911,6.512639072,9.898940523,-2.586473718,70.64137089
912,7.430002647,13.35776918,-15.78244673,-73.90891214
913,6.528545303,7.545280528,9.770523511,144.0634714
914,6.457029229,12.32728067,4.47164908,-214.620986
915,7.257309459,13.72023196,2.958789252,-14.68486019
916,7.358398352,5.613752521,22.02354599,-127.5571001
917,6.353855852,17.17287721,23.82170007,61.95406039
918,5.991262497,7.70339537,11.27645638,-45.59493276
919,6.154079796,9.802949871,31.09995222,-17.75244975
920,4.832335458,11.06334499,14.87247096,71.91361951
921,6.11188824,9.589025093,5.955053216,25.91282548
922,5.574235034,12.99309225,-16.10786874,57.74024252
923,6.780802062,13.08909939,5.168454652,47.38115954
924,6.641854092,8.88115737,6.066229977,-123.5922557
925,5.755804642,7.565761798,-4.384218707,116.7787268
926,6.026230282,15.74596838,5.245311538,-122.1573337
927,5.588942662,10.76699984,21.62960774,60.12359306
928,6.314398376,3.387251661,23.19740423,95.65304639
929,8.102339526,7.815698105,28.02628047,69.54992689
930,6.230998698,11.12304019,-8.638166526,172.2086277
931,5.675009149,8.771517092,25.98492367,-237.3779182
932,7.920717251,13.29184125,3.968069388,123.9452513
933,5.539291635,10.99820657,26.82626061,243.5229367
934,6.130788448,11.04403744,26.51037514,110.0182859
935,7.250327558,14.72015984,27.31510759,163.2027086
936,5.799475627,9.09550649,-4.735608221,105.9273236
937,6.600535146,10.83614948,-3.350596231,53.13680121
938,5.708236728,9.436039431,16.82009069,-131.0080579
939,6.832734079,11.07026784,-3.50792042,-52.08779573
940,5.912538269,11.63509852,9.453358362,51.81918501
941,7.187953857,11.30718038,16.583528,-29.46318774
942,4.873747338,13.36427775,-1.848393849,68.40486725
943,6.040473511,8.33134084,16.01314728,-0.763355624
944,6.342959346,8.113198053,10.60858799,10.87957109
945,6.41508375,6.808067022,14.45235702,-192.3617401
946,7.229068892,14.50786047,-9.114642299,-147.0802233
947,7.716658519,15.58970683,24.994934,160.4633345
948,6.685806217,14.39954054,12.74916783,63.32905732
949,5.463784523,6.836889235,7.792825032,-32.87397723
950,5.61863354,8.143600317,14.22042133,-53.48847085
951,7.024924285,9.554482686,20.81828469,-21.22465854
952,6.47892061,11.14028661,9.99706734,154.8324192
953,4.923687932,6.750094116,10.20296185,144.4176284
954,6.006827808,10.06687292,17.73123157,37.63351891
955,7.024414709,11.50397047,-12.10821127,-100.7541855
956,6.711755819,15.30332844,-1.281134494,-3.603928545
957,6.36146665,14.76004957,0.30146243,-8.708650104
958,6.238943765,13.23927773,14.20093075,-9.913178796
959,5.804776964,7.578230278,18.00941844,-72.68600102
960,6.010889207,10.68278856,19.86037272,-107.1303998
961,7.850370743,9.91191292,-15.06547505,-74.08384944
962,6.712453325,6.010565347,-9.682003184,-84.35561239
963,4.939999948,10.77306868,6.665941955,-95.5400999
964,6.318278549,7.981277748,1.54539883,207.0269807
965,6.532070157,13.12739192,17.28402942,118.5961851
966,7.220488202,9.431306102,23.39660492,-50.94012924
967,5.650633101,11.14594425,-5.437171365,125.8748981
968,4.557180155,9.39357581,9.169272334,-110.3412907
969,5.554640839,13.04974256,11.82186704,-23.03225814
970,6.728356589,13.97305135,17.76981622,-145.0760784
971,6.3826658,9.235577952,17.05442567,-170.2260072
972,7.364106587,15.12881255,7.929316852,-248.8157789
973,6.654546275,6.918393369,14.97404223,-19.84451886
974,6.680934477,7.305221764,12.97285559,84.48911978
975,10.34204573,8.767555208,-2.125374574,-157.8041388
976,8.644420962,9.417165771,17.88154478,-136.5654569
977,7.314637701,12.55882243,-3.278145736,-179.1727707
978,5.889179345,10.09255341,6.913338416,193.5540633
979,6.292731461,13.1669847,6.607118666,115.8923675
980,5.634282042,9.323018907,8.199548601,23.90624972
981,5.928426109,7.357803611,10.12672097,-133.5041753
982,7.039087687,11.15504824,21.02000668,16.01567475
983,5.907941345,10.20716019,8.713957912,6.419031724
984,7.8082521,10.00298624,28.20517615,346.4929151
985,6.905750635,15.34639321,2.350226593,-109.3843137
986,6.80269669,7.963487126,17.68069356,-192.9427992
987,4.836539945,10.82307513,0.425751378,-109.3968529
988,6.078228316,10.21348596,14.08746789,110.2997485
989,6.473780841,9.826710466,-17.75627844,17.86357303
990,5.123975432,7.242441004,23.55538921,178.2865346
991,6.017245117,10.54736343,15.58471682,-135.6070401
992,5.183061315,11.62123198,0.045411716,174.5210059
993,4.882434021,8.024546919,30.60573109,100.7978265
994,4.564311847,5.57418433,14.43504933,40.43491539
995,5.717318337,7.642120091,9.696516501,-13.33007093
996,6.771535062,10.70621745,9.219683769,84.63266483
997,4.543944817,13.07543586,25.15203902,-191.2841016
998,3.223102827,15.58111276,10.00835975,37.5365242
999,5.581340667,6.221492963,17.77332969,-56.83171378
1000,6.421424621,6.262519896,13.85286677,-95.06412217
